Course ID,Department,Course,Section,Course Title,Name,Schedule,LMT/ENR/WL,LMT,ENR,WL,Location,Yr,Trm,Sub
AC 121 01,AC,121,1,Principles of Accounting I,"Thomas, R",M W F 7:45AM-8:50AM,45/23/0,45,23,0,,2023-24,WI,
AC 122 01,AC,122,1,Principles of Accounting II,"Pilcher, A",MWF 12:00PM-1:05PM,45/44/11,45,44,11,,2023-24,WI,
AC 122 02,AC,122,2,Principles of Accounting II,"Pilcher, A",M W F 2:30PM-3:35PM,45/42/13,45,42,13,,2023-24,WI,
AC 322 01,AC,322,1,Intermediate Accounting II,"Thomas, R",M W F 9:00AM-10:05AM,28/20/0,28,20,0,,2023-24,WI,
AC 323 01,AC,323,1,Cost Accounting,"Thomas, R",M W F 10:45AM-11:50AM,30/14/0,30,14,0,,2023-24,WI,
AC 420 01,AC,420,1,Auditing,"Sommermeyer, E",M W F 10:45AM-11:50AM,24/6/0,24,6,0,,2023-24,WI,
AC 422 01,AC,422,1,Government & Non Profit Accounting,"Pilcher, A",T H 7:45AM-9:25AM,24/6/0,24,6,0,,2023-24,WI,
AC 424 01,AC,424,1,Income Tax Accounting II,"Sommermeyer, E",M W F 1:15PM-2:20PM,40/3/0,40,3,0,,2023-24,WI,
ART 108 01,ART,108,1,Graphic Design,"Elkashif, M",M W F 1:15PM-2:20PM,17/16/0,17,16,0,FAC 114C,2023-24,WI,
ART 111 01,ART,111,1,Drawing,"Fedeler, B",T H 1:00PM-3:35PM,13/13/9,13,13,9,FAC 114D,2023-24,WI,
ART 135 01,ART,135,1,Ceramics I,"Knivsland, R",T H 1:00PM-2:40PM,13/13/6,13,13,6,FAC 031,2023-24,WI,
ART 205 01,ART,205,1,Communication Design,"Elkashif, M",M W F 10:45AM-11:50AM,18/18/3,18,18,3,FAC 114C,2023-24,WI,
ART 310 01,ART,310,1,Advanced Design Projects,"Elkashif, M",T H 1:00PM-2:40PM,20/8/0,20,8,0,FAC 114C,2023-24,WI,
ART 462 01,ART,462,1,Seminar in Art: Exhibition,"Fedeler, B",T 6:30PM-8:10PM,10/6/00,10,6,0,FAC 114J,2023-24,WI,
BA 331 01,BA,331,1,Business Law I,"Luhring, L",MWF 12:00PM-1:05PM,40/40/1,40,40,1,,2023-24,WI,
BA 334 01,BA,334,1,Business Finance,"Ross, C",MWF 9:00AM-10:05AM,36/18/0,36,18,0,,2023-24,WI,
BA 336 01,BA,336,1,Investments,"Ross, C",M W F 10:45AM-11:50AM,32/28/0,32,28,0,,2023-24,WI,
BA 345 01,BA,345,1,Principles of Management,"Meyeraan, S",T H 7:45AM-9:25AM,32/16/0,32,16,0,,2023-24,WI,
BA 345 02,BA,345,2,Principles of Management,"Meyeraan, S",T H 9:35AM-11:15AM,32/22/0,32,22,0,,2023-24,WI,
BA 346 01,BA,346,1,Human Resource Management,"Meyeraan, S",M W F 9:00AM-10:05AM,35/22/0,35,22,0,,2023-24,WI,
BA 353 01,BA,353,1,Principles of Marketing,"Bernard, A",M W F 9:00AM-10:05AM,32/31/3,32,31,3,,2023-24,WI,
BA 353 02,BA,353,2,Principles of Marketing,"Gonnerman, M",M W F 12:00PM-1:05PM,32/20/0,32,20,0,,2023-24,WI,
BA 363 01,BA,363,1,Business Data Analytics,"TBA, T",M W F 1:15PM-2:20PM,25/24/1,25,24,1,,2023-24,WI,
BA 375 01,BA,375,1,Online Marketing,"TBA, T",T H 9:35AM-11:15AM,32/22/0,32,22,0,,2023-24,WI,
BA 377 01,BA,377,1,Non-profit Management,"Gonnerman, M",M W F 9:00AM-10:05AM,45/8/0,45,8,0,,2023-24,WI,
BA 418 01,BA,418,1,Sustainable Economics and Finance,"Quaicoe, N",M W F 12:00PM-1:05PM,30/16/0,30,16,0,,2023-24,WI,
BA 438 01,BA,438,1,Organizational Behavior & Mgmt,"Gonnerman, M",M W F 12:00PM-1:05PM,30/12/0,30,12,0,,2023-24,WI,
BA 454 01,BA,454,1,Advertising and Promotion,"TBA, T",M W F 10:45AM-11:50AM,30/27/0,30,27,0,,2023-24,WI,
BA 460 01,BA,460,1,Senior Seminar in Business,"Bernard, A",T H 7:45AM-9:25AM,22/17/0,22,17,0,,2023-24,WI,
BA 460 02,BA,460,2,Senior Seminar in Business,"Bernard, A",T H 9:35AM-11:15AM,22/18/0,22,18,0,,2023-24,WI,
BA 481 01,BA,481,1,Fin Stmt Anlysis & Secur Valuation,"Sommermeyer, E",T H 9:35AM-11:15AM,40/28/0,40,28,0,,2023-24,WI,
BI 130 01,BI,130,1,Drugs and Personal Health,"Davidson, C",MW F 10:45AM-11:50AM,24/17/0,24,17,0,,2023-24,WI,
BI 130 01,BI,130,1,Drugs and Pers Health Lab,"Davidson, C",T 1:00PM-2:40PM,24/17/0,24,17,0,,2023-24,WI,
BI 131 01,BI,131,1,Biology of Ordinary Things,"Bechtel, M",M W F 9:00AM-10:05AM,24/22/2,24,22,2,,2023-24,WI,
BI 131 01,BI,131,1,Biology of Ordinary Things Lab,"Bechtel, M",T 7:45AM-9:25AM,24/24/2,24,24,2,,2023-24,WI,
BI 131 02,BI,131,2,Biology of Ordinary Things,"Bechtel, M",M W F 10:45AM-11:50AM,24/24/1,24,24,1,,2023-24,WI,
BI 131 02,BI,131,2,Biology of Ordinary Things Lab,"Bechtel, M",T 9:35AM-11:15AM,24/22/1,24,22,1,,2023-24,WI,
BI 152 01,BI,152,1,"Bio II:Structure, Function, Ecosyst","Toering Peters, S",M W F 9:00AM-10:05AM,70/65/15,70,65,15,,2023-24,WI,
BI 152 01,BI,152,1,"Bio II:Structure, Func, Ecosyst Lab","Berns, E",T 7:45AM-11:00AM,24/22/12,24,22,12,,2023-24,WI,
BI 152 02,BI,152,2,"Bio II:Structure, Function, Ecosyst","Larimer Bousquet, S",M W F 10:45AM-11:50AM,50/47/27,50,47,27,,2023-24,WI,
BI 152 02,BI,152,2,"Bio II:Structure, Func, Ecosyst Lab","Karki, S",T 1:00PM-4:15PM,24/22/10,24,22,10,,2023-24,WI,
BI 152 03,BI,152,3,"Bio II:Structure, Func, Ecosyst Lab","Karki, S",W 1:15PM-4:30PM,24/24/2,24,24,2,,2023-24,WI,
BI 152 04,BI,152,4,"Bio II:Structure, Func, Ecosyst Lab","Larimer Bousquet, S",H 7:45AM-11:00AM,24/22/12,24,22,12,,2023-24,WI,
BI 152 05,BI,152,5,"Bio II:Structure, Func, Ecosyst Lab","Karki, S",H 1:00PM-4:15PM,24/23/5,24,23,5,,2023-24,WI,
BI 211 01,BI,211,1,Genetics,"McCullough, D",MWF 1:15PM-2:20PM,48/45/0,48,45,0,,2023-24,WI,
BI 211 01,BI,211,1,Genetics Lab 1,"McCullough, D",T H 7:45AM-9:25AM,24/21/0,24,21,0,,2023-24,WI,
BI 211 02,BI,211,2,Genetics Lab 2,"McCullough, D",TH 9:35AM-11:15AM,24/24/0,24,24,0,,2023-24,WI,
BI 305 01,BI,305,1,Microbiology,"Coleman, S",MWF 12:00PM-1:05PM,48/38/0,48,38,0,,2023-24,WI,
BI 305 01,BI,305,1,Microbiology Lab 1,"Coleman, S",T H 9:35AM-11:15AM,24/21/0,24,21,0,,2023-24,WI,
BI 305 02,BI,305,2,Microbiology Lab 2,"Coleman, S",T H 1:00PM-2:40PM,24/17/0,24,17,0,,2023-24,WI,
BI 318 01,BI,318,1,Mammalian Physiology,"Mommer, B",M W F 2:30PM-3:35PM,48/48/1,48,48,1,,2023-24,WI,
BI 318 01,BI,318,1,Mammalian Physiology Lab 1,"Mommer, B",T 1:00PM-4:15PM,24/24/0,24,24,0,,2023-24,WI,
BI 318 02,BI,318,2,Mammalian Physiology Lab 2,"Mommer, B",H 7:45AM-11:00AM,24/24/1,24,24,1,,2023-24,WI,
BI 355 20,BI,355,20,Biomechanics of Human Movement,"Rave, A",M W F 12:00PM-1:05PM,30/2/0,30,2,0,,2023-24,WI,W2
BI 440 01,BI,440,1,Teaching Practicum in Biology,"Horrigan, J",,10/2/00,10,2,0,,2023-24,WI,
BI 455 01,BI,455,1,Methods of Biological Research,"Davidson, C",T 6:30PM-7:35PM,16/10/0,16,10,0,,2023-24,WI,
BI 456 01,BI,456,1,Student Originated Research,"Larimer Bousquet, S",T 7:45PM-8:50PM,32/21/0,32,21,0,,2023-24,WI,
BI 461 01,BI,461,1,Science Seminar,"Toering Peters, S",MW 10:45AM-11:50AM,25/11/0,25,11,0,,2023-24,WI,
CCJ 331 01,CCJ,331,1,Criminal Law and Legal Processes,"McQueen, J",M W F 2:30PM-3:35PM,20/19/3,20,19,3,,2023-24,WI,
CCJ 335 01,CCJ,335,1,Crime and Deviance,"McQueen, J",M W F 12:00PM-1:05PM,25/16/0,25,16,0,,2023-24,WI,
CH 114 01,CH,114,1,Principles of Chemistry II,"Stephens, N",MWF 7:45AM-8:50AM,48/45/14,48,45,14,,2023-24,WI,
CH 114 01,CH,114,1,Principles of Chemistry II Lab 1,"Schumacher, D",M 2:30PM-5:15PM,24/23/4,24,23,4,,2023-24,WI,
CH 114 02,CH,114,2,Principles of Chemistry II,"Zart, L",M W F 9:00AM-10:05AM,48/44/7,48,44,7,,2023-24,WI,
CH 114 02,CH,114,2,Principles of Chemistry II Lab 2,"DeVries, C",T 8:30AM-11:15AM,24/22/7,24,22,7,,2023-24,WI,
CH 114 03,CH,114,3,Principles of Chemistry II,"DeVries, C",M W F 10:45AM-11:50AM,48/41/6,48,41,6,,2023-24,WI,
CH 114 03,CH,114,3,Principles of Chemistry II Lab 3,"DeVries, C",T 1:00PM-3:45PM,24/21/5,24,21,5,,2023-24,WI,
CH 114 04,CH,114,4,Principles of Chemistry II Lab 4,"Schumacher, D",W 1:15PM-4:00PM,24/22/0,24,22,0,,2023-24,WI,
CH 114 05,CH,114,5,Principles of Chemistry II Lab 5,"Stephens, N",H 8:30AM-11:15AM,24/21/5,24,21,5,,2023-24,WI,
CH 114 06,CH,114,6,Principles of Chemistry II Lab 6,"Schumacher, D",H 1:00PM-3:45PM,24/24/3,24,24,3,,2023-24,WI,
CH 212 01,CH,212,1,Organic Chemistry II,"Zart, L",MWF 12:00PM-1:05PM,36/29/8,36,29,8,,2023-24,WI,
CH 212 01,CH,212,1,Organic Chemistry II Lab 1,"Zart, L",T 7:45AM-11:15AM,18/13/0,18,13,0,,2023-24,WI,
CH 212 02,CH,212,2,Organic Chemistry II Lab 2,"Zart, L",T 1:00PM-4:30PM,18/17/8,18,17,8,,2023-24,WI,
CH 316 01,CH,316,1,Chemical Thermodynamics & Kinetics,"DeVries, C",MWF 1:15PM-2:20PM,18/6/0,18,6,0,,2023-24,WI,
CH 316 01,CH,316,1,Chem Thermodynamics & Kinetics Lab,"DeVries, C",H 1:00PM-3:45PM,18/6/0,18,6,0,,2023-24,WI,
CH 340 01,CH,340,1,Analytical & Physical Measurements,"Stephens, N",M W F 10:45AM-11:50AM,24/6/0,24,6,0,,2023-24,WI,
CH 340 01,CH,340,1,Analyt & Physical Measurements Lab,"Stephens, N",T 8:00AM-10:45AM,24/6/0,24,6,0,,2023-24,WI,
CH 425 01,CH,425,1,Advanced Biochemistry,"Ellerbroek, S",MWF 9:00AM-10:05AM,18/15/0,18,15,0,,2023-24,WI,
CH 425 01,CH,425,1,Advanced Biochemistry Lab,"Ellerbroek, S",T 1:00PM-3:45PM,18/15/0,18,15,0,,2023-24,WI,
CH 456 01,CH,456,1,Student-Originated Research,"Ellerbroek, S",T 7:45PM-8:50PM,8/8/01,8,8,1,,2023-24,WI,
COM 112 10,COM,112,10,Oral Communication,"Ohrt, P",M W F 9:00AM-10:05AM,25/24/0,25,24,0,,2023-24,WI,W1
COM 112 11,COM,112,11,Oral Communication,"Johnson, R",M W F 12:00PM-1:05PM,25/21/0,25,21,0,,2023-24,WI,W1
COM 112 20,COM,112,20,Oral Communication,"Ohrt, P",M W F 9:00AM-10:05AM,25/16/0,25,16,0,,2023-24,WI,W2
COM 112 21,COM,112,21,Oral Communication,"Johnson, R",M W F 12:00PM-1:05PM,25/19/0,25,19,0,,2023-24,WI,W2
COM 112 22,COM,112,22,Oral Communication,"Johnson, R",M W F 2:30PM-3:35PM,25/25/0,25,25,0,,2023-24,WI,W2
COM 123 01,COM,123,1,News Practicum,"Johnson, R",,99/1/0,99,1,0,,2023-24,WI,
COM 124 01,COM,124,1,Film Practicum,"Johnson, R",,99/2/0,99,2,0,,2023-24,WI,
COM 126 01,COM,126,1,Radio Practicum,"Ohrt, P",,99/6/0,99,6,0,,2023-24,WI,
COM 127 01,COM,127,1,Organizational & PR Practicum,"Pier, P",,99/6/0,99,6,0,,2023-24,WI,
COM 129 01,COM,129,1,Sports Media Practicum,"Pier, P",,99/5/0,99,5,0,,2023-24,WI,
COM 200 01,COM,200,1,Media Writing,"Ohrt, P",M 1:15PM-2:20PM,38/14/0,38,14,0,,2023-24,WI,
COM 200 01,COM,200,1,Media Writing Lab 1,"Ohrt, P",T 1:00PM-2:40PM,19/7/0,19,7,0,,2023-24,WI,
COM 200 02,COM,200,2,Media Writing Lab 2,"Ohrt, P",H 1:00PM-2:40PM,19/7/0,19,7,0,,2023-24,WI,
COM 206 01,COM,206,1,Audio Production,"Ohrt, P",T H 9:35AM-11:15AM,16/11/0,16,11,0,,2023-24,WI,
COM 211 01,COM,211,1,Video Production,"Johnson, R",M W F 10:45AM-11:50AM,16/13/0,16,13,0,,2023-24,WI,
COM 304 01,COM,304,1,Media Marketing and Management,"Johnson, R",M W F 9:00AM-10:05AM,50/12/0,50,12,0,,2023-24,WI,
COM 348 01,COM,348,1,Integrated Marketing Communication,"Pier, P",T H 1:00PM-2:40PM,24/7/0,24,7,0,,2023-24,WI,
COM 349 01,COM,349,1,Multimedia Journalism,"Ohrt, P",M W F 2:30PM-3:35PM,16/11/0,16,11,0,,2023-24,WI,
COM 375 01,COM,375,1,Online Marketing,"TBA, T",T H 9:35AM-11:15AM,32/2/0,32,2,0,,2023-24,WI,
COM 461 01,COM,461,1,Journalism & Communication Capstone,"Pier, P",M W F 1:15PM-2:20PM,24/15/0,24,15,0,,2023-24,WI,
CS 110 01,CS,110,1,Introduction to Information Systems,"TBA, T",T H 9:35AM-11:15AM,34/34/2,34,34,2,,2023-24,WI,
CS 110 02,CS,110,2,Introduction to Information Systems,"TBA, T",T H 1:00PM-2:40PM,34/34/1,34,34,1,,2023-24,WI,
CS 205 01,CS,205,1,Data Wrangling and Visualization,"Letsche, T",M W F 10:45AM-11:50AM,34/26/0,34,26,0,,2023-24,WI,
CS 220 01,CS,220,1,Obj-Orient Prog & Intro Data Struct,"Zelle, J",MWF 12:00PM-1:05PM,34/20/0,34,20,0,,2023-24,WI,
CS 320 01,CS,320,1,Data Structure & Algorithm Analysis,"Zelle, J",MWF 9:00AM-10:05AM,34/16/0,34,16,0,,2023-24,WI,
CS 460 01,CS,460,1,Systems Design Project,"Zelle, J",TH 1:00PM-2:40PM,34/14/0,34,14,0,,2023-24,WI,
CS 461 01,CS,461,1,Perspectives in Computer Science,"Letsche, T",M W F 1:15PM-2:20PM,30/14/0,30,14,0,,2023-24,WI,
EC 117 01,EC,117,1,Principles of Macroeconomics,"Quaicoe, N",M W F 10:45AM-11:50AM,45/27/0,45,27,0,,2023-24,WI,
EC 117 02,EC,117,2,Principles of Macroeconomics,"Quaicoe, N",T H 9:35AM-11:15AM,45/28/0,45,28,0,,2023-24,WI,
EC 118 01,EC,118,1,Principles of Microeconomics,"Ross, C",T H 9:35AM-11:15AM,45/45/0,45,45,0,,2023-24,WI,
EC 318 01,EC,318,1,Microeconomic Theory,"Quaicoe, N",M W F 1:15PM-2:20PM,30/10/0,30,10,0,,2023-24,WI,
EC 418 01,EC,418,1,Sustainable Economics and Finance,"Quaicoe, N",M W F 12:00PM-1:05PM,30/9/0,30,9,0,,2023-24,WI,
EC 462 01,EC,462,1,Senior Thesis II,"Quaicoe, N",T 1:00PM-2:40PM,18/10/0,18,10,0,,2023-24,WI,
ED 100 01,ED,100,1,Foundations of American Education,"Zittergruen, G",MWF 9:00AM-10:05AM,30/15/0,30,15,0,,2023-24,WI,
ED 100 02,ED,100,2,Foundations of American Education,"Zittergruen, G",MWF 12:00PM-1:05PM,30/15/0,30,15,0,,2023-24,WI,
ED 173 01,ED,173,1,Field Experience in ESL,"Achirri, K",,15/1/0,15,1,0,,2023-24,WI,
ED 181 01,ED,181,1,Field Experience in Education,"Zittergruen, G",,60/30/0,60,30,0,,2023-24,WI,
ED 212 01,ED,212,1,Human Relations,"Achirri, K",M W F 12:00PM-1:05PM,30/30/0,30,30,0,,2023-24,WI,
ED 215 01,ED,215,1,Psychology of the Exceptional Child,"Dickey, J",T H 7:45AM-9:25AM,25/11/0,25,11,0,,2023-24,WI,
ED 215 02,ED,215,2,Psychology of the Exceptional Child,"Dickey, J",T H 9:35AM-11:15AM,25/25/1,25,25,1,,2023-24,WI,
ED 221 01,ED,221,1,Teaching Elementary Social Studies,"Snyder, R",T H 9:35AM-11:15AM,25/22/0,25,22,0,,2023-24,WI,
ED 224 20,ED,224,20,Teaching PE/Health in Elem School,"Johnson, A",W 6:30PM-9:30PM,25/18/0,25,18,0,,2023-24,WI,W2
ED 225 10,ED,225,10,Art and Music in the Elem School,"Rasmussen, A",W 6:30PM-9:30PM,16/12/0,16,12,0,,2023-24,WI,W1
ED 225 20,ED,225,20,Art and Music in the Elem School,"Nosbisch, R",W 6:30PM-9:30PM,16/1/0,16,1,0,,2023-24,WI,W2
ED 315 01,ED,315,1,Educational Psychology,"Snyder, R",MWF 7:45AM-8:50AM,25/20/0,25,20,0,,2023-24,WI,
ED 315 02,ED,315,2,Educational Psychology,"Snyder, R",T H 1:00PM-2:40PM,25/16/0,25,16,0,,2023-24,WI,
ED 320 01,ED,320,1,Teaching Language Arts,"Moeller, S",M W F 9:00AM-10:05AM,25/11/0,25,11,0,,2023-24,WI,
ED 326 01,ED,326,1,Diagnostic and Remedial Reading,"Achirri, K",T H 1:00PM-2:40PM,25/9/0,25,9,0,,2023-24,WI,
ED 334 01,ED,334,1,Managing Behav & Skills in Spec Ed,"Dickey, J",T H 1:00PM-2:40PM,25/13/0,25,13,0,,2023-24,WI,
ED 350 01,ED,350,1,Content Area Reading Strategies,"TBA, T",TH 7:45AM-9:25AM,25/23/0,25,23,0,,2023-24,WI,
ED 382 01,ED,382,1,Field Experience: Remedial Reading,"Achirri, K",,25/9/0,25,9,0,,2023-24,WI,
ED 383 01,ED,383,1,Field Experience:Educational Psych,"Snyder, R",,50/36/0,50,36,0,,2023-24,WI,
ED 473 01,ED,473,1,Methods and Pedagogy in PreK-12 ESL,"Achirri, K",M W F 1:15PM-2:20PM,15/1/0,15,1,0,,2023-24,WI,
ED 480 01,ED,480,1,Student Teaching: Special Education,"TBA, T",,8/3/00,8,3,0,,2023-24,WI,
ED 482 01,ED,482,1,Elem Student Teaching & Capstone,"TBA, T",,18/4/0,18,4,0,,2023-24,WI,
ED 482 02,ED,482,2,Elem Student Teaching & Capstone,"TBA, T",,12/7/00,12,7,0,,2023-24,WI,
ED 482 03,ED,482,3,Elem Student Teaching & Capstone,"TBA, T",,6/0/0,6,0,0,,2023-24,WI,
ED 483 01,ED,483,1,Sec Student Teaching Capstone & Sem,"TBA, T",,25/2/0,25,2,0,,2023-24,WI,
ED 483 02,ED,483,2,Sec Student Teaching Capstone & Sem,"TBA, T",,10/0/0,10,0,0,,2023-24,WI,
ED 484 01,ED,484,1,PreK/K Student Teaching & Capstone,"TBA, T",,10/5/00,10,5,0,,2023-24,WI,
ED 486 01,ED,486,1,PE Student Teaching: K-12 &Capstone,"TBA, T",,25/0/0,25,0,0,,2023-24,WI,
ED 486 01,ED,486,1,PE Student Teaching: K-12 &Capstone,"TBA, T",,1/1/00,1,1,0,,2023-24,WI,
ED 486 02,ED,486,2,PE Student Teaching: K-12 &Capstone,"TBA, T",,25/0/0,25,0,0,,2023-24,WI,
ED 487 01,ED,487,1,K-12 Art St Tchg & Capstone Sem,"TBA, T",,6/0/0,6,0,0,,2023-24,WI,
ED 488 01,ED,488,1,Middle School Student Teaching,"TBA, T",,6/1/00,6,1,0,,2023-24,WI,
ED 489 01,ED,489,1,5-12 Health Student Teaching,"TBA, T",,25/0/0,25,0,0,,2023-24,WI,
ED 525 01,ED,525,1,Teacher Induction & Mentoring I,"Snyder, R",,25/0/0,25,0,0,,2023-24,WI,
EN 115 01,EN,115,1,College Composition,"Clark, R",M W F 9:00AM-10:05AM,20/20/1,20,20,1,,2023-24,WI,
EN 115 02,EN,115,2,College Composition,"Platte, K",M W F 10:45AM-11:50AM,20/20/2,20,20,2,,2023-24,WI,
EN 115 03,EN,115,3,College Composition,"Lynch, S",M W F 1:15PM-2:20PM,20/20/3,20,20,3,,2023-24,WI,
EN 115 04,EN,115,4,College Composition,"Lynch, S",M W F 2:30PM-3:35PM,20/20/2,20,20,2,,2023-24,WI,
EN 115 05,EN,115,5,College Composition,"Gruenwald, J",T H 7:45AM-9:25AM,20/20/3,20,20,3,,2023-24,WI,
EN 115 06,EN,115,6,College Composition,"Gruenwald, J",T H 9:35AM-11:15AM,20/20/3,20,20,3,,2023-24,WI,
EN 153 01,EN,153,1,Introduction to Disability Studies,"Clark, R",M W F 1:15PM-2:20PM,25/22/0,25,22,0,,2023-24,WI,
EN 155 01,EN,155,1,Introduction to Film,"Johnson, R",W 6:30PM-9:30PM,30/24/0,30,24,0,,2023-24,WI,
EN 156 01,EN,156,1,Introduction to Myth and Folklore,"Boss, J",M W F 9:00AM-10:05AM,25/24/2,25,24,2,,2023-24,WI,
EN 202 01,EN,202,1,Contemporary British Lit and Film,"Clark, R",M W F 2:30PM-3:35PM,25/7/0,25,7,0,,2023-24,WI,
EN 219 01,EN,219,1,Screenwriting,"Groninga, K",M W F 12:00PM-1:05PM,22/13/0,22,13,0,,2023-24,WI,
EN 244 01,EN,244,1,Young Adult Literature,"Lynch, S",M W F 10:45AM-11:50AM,25/12/0,25,12,0,,2023-24,WI,
EN 255 01,EN,255,1,World Cinema,"Boss, J",M W F 12:00PM-1:05PM,25/24/1,25,24,1,,2023-24,WI,
ENV 100 01,ENV,100,1,Explorations Environmental Science,"McCullough, D",W 6:30PM-8:15PM,25/13/0,25,13,0,,2023-24,WI,
ES 152 01,ES,152,1,Modern Engineering Analysis II,"Mahmoud, M",T H 9:35AM-11:15AM,24/22/0,24,22,0,,2023-24,WI,
ES 204 01,ES,204,1,Electrical Circuits,"Black, D",M W F 12:00PM-1:05PM,20/20/1,20,20,1,,2023-24,WI,
ES 204 01,ES,204,1,Electrical Circuits Lab,"Black, D",H 1:00PM-2:40PM,20/20/1,20,20,1,,2023-24,WI,
ES 205 01,ES,205,1,Statics,"Faidley, L",M W F 9:00AM-10:05AM,50/14/0,50,14,0,,2023-24,WI,
ES 230 01,ES,230,1,Engineering Economic Analysis,"Mahmoud, M",M W F 2:30PM-3:35PM,30/21/0,30,21,0,,2023-24,WI,
ES 251 01,ES,251,1,Machinery and Manufacturing,"Black, D",T 1:00PM-2:40PM,16/16/2,16,16,2,,2023-24,WI,
ES 313 01,ES,313,1,Digital Electronics,"Black, D",M W F 9:00AM-10:05AM,36/2/0,36,2,0,,2023-24,WI,
ES 350 01,ES,350,1,Engineering Design Methods,"Faidley, L",H 7:45AM-11:15AM,24/15/0,24,15,0,,2023-24,WI,
ES 365 01,ES,365,1,Quality Engineering,"Mahmoud, M",M W F 1:15PM-2:20PM,24/9/0,24,9,0,,2023-24,WI,
ES 410 01,ES,410,1,Control Systems,"Faidley, L",M W F 10:45AM-11:50AM,24/16/0,24,16,0,,2023-24,WI,
ES 460 01,ES,460,1,Senior Design Project,"Faidley, L",,12/12/01,12,12,1,,2023-24,WI,
EXS 202 01,EXS,202,1,Essentials of Human A & P,"Spitzer, P",M W F 9:00AM-10:05AM,48/23/0,48,23,0,,2023-24,WI,
EXS 202 01,EXS,202,1,Essentials of Human A & P Lab 1,"Spitzer, P",H 8:00AM-10:45AM,24/12/0,24,12,0,,2023-24,WI,
EXS 202 02,EXS,202,2,Essentials of Human A & P Lab 2,"Spitzer, P",H 1:00PM-3:45PM,24/11/0,24,11,0,,2023-24,WI,
EXS 218 01,EXS,218,1,Human Anatomy and Physiology II,"Suckow, A",M W F 2:30PM-3:35PM,48/27/0,48,27,0,,2023-24,WI,
EXS 218 01,EXS,218,1,Human Anatomy & Physiology II Lab 1,"Suckow, A",T 8:00AM-10:45AM,24/15/0,24,15,0,,2023-24,WI,
EXS 218 02,EXS,218,2,Human Anatomy & Physiology II Lab 2,"Suckow, A",T 1:00PM-3:45PM,24/12/0,24,12,0,,2023-24,WI,
EXS 325 01,EXS,325,1,Advanced Exercise Physiology,"Dietz Parsons, P",M W F 1:15PM-2:20PM,24/18/0,24,18,0,,2023-24,WI,
EXS 325 01,EXS,325,1,Advanced Exercise Physiology Lab 1,"Dietz Parsons, P",T 7:45AM-11:00AM,24/18/0,24,18,0,,2023-24,WI,
EXS 349 01,EXS,349,1,Current Topics:,"Chapman, R",T H 1:00PM-2:40PM,30/16/0,30,16,0,,2023-24,WI,
GER 104 01,GER,104,1,Elementary German I,"Blass, E",M W F 9:00AM-10:05AM,25/25/3,25,25,3,,2023-24,WI,
GER 104 02,GER,104,2,Elementary German I,"TBA, T",M W 6:30PM-8:10PM,25/23/0,25,23,0,,2023-24,WI,
GER 206 01,GER,206,1,Intermediate German II,"Blass, E",MWF 12:00PM-1:05PM,20/2/0,20,2,0,,2023-24,WI,
GER 275 01,GER,275,1,German Culture Through Film,"Blass, E",M W F 2:30PM-3:35PM,25/11/0,25,11,0,,2023-24,WI,
GER 304 01,GER,304,1,German Tutoring,"Blass, E",,20/0/0,20,0,0,,2023-24,WI,
GM 214 01,GM,214,1,Amazonian Ecology and Culture I,"Bechtel, M",,30/21/0,30,21,0,,2023-24,WI,
GM 277 01,GM,277,1,Reformation Readings,"Riswold, C",,20/6/0,20,6,0,,2023-24,WI,
GM 301 01,GM,301,1,Return Adjustment,"Boss, J",,12/0/0,12,0,0,,2023-24,WI,
GM 323 01,GM,323,1,Historical Roots Travel Seminar,"Birgen, B",T 7:00PM-8:00PM,20/10/0,20,10,0,,2023-24,WI,
GM 405 01,GM,405,1,Intercult Engagement Portfolio Sem,"Boss, J",,25/0/0,25,0,0,,2023-24,WI,
GR 301 01,GR,301,1,Greek Readings,"Jeffcoat Schedtler, J",T 9:35AM-11:15AM,10/1/00,10,1,0,,2023-24,WI,
HB 202 01,HB,202,1,Biblical Hebrew II,"Wendland, K",T H 8:15AM-9:25AM,25/1/0,25,1,0,,2023-24,WI,
HE 240 10,HE,240,10,Basic Nutrition,"Chapman, R",T H 9:35AM-11:15AM,25/13/0,25,13,0,,2023-24,WI,W1
HE 241 20,HE,241,20,Sports Nutrition,"Albright, J",M W F 9:00AM-10:05AM,30/13/0,30,13,0,,2023-24,WI,W2
HE 243 10,HE,243,10,Sport Psychology,"Weiss, H",M W F 9:00AM-10:05AM,30/22/0,30,22,0,,2023-24,WI,W1
HE 246 01,HE,246,1,Coaching Theory,"Walker, J",M W F 1:15PM-2:20PM,30/30/0,30,30,0,,2023-24,WI,
HE 440 01,HE,440,1,Community and Public Health,"Johnson, A",MWF 1:15PM-2:20PM,25/11/0,25,11,0,,2023-24,WI,
HI 110 01,HI,110,1,American History Since 1877,"Lindell, T",MWF 10:45AM-11:50AM,40/29/0,40,29,0,,2023-24,WI,
HI 122 01,HI,122,1,World Civilizations II,"Walther, D",M W F 9:00AM-10:05AM,35/27/0,35,27,0,,2023-24,WI,
HI 306 01,HI,306,1,History of Amer Foreign Relations,"Lindell, T",T 6:30PM-9:30PM,25/12/0,25,12,0,,2023-24,WI,
HI 318 01,HI,318,1,Hitler's Germany,"Walther, D",T H 1:00PM-2:40PM,25/14/0,25,14,0,,2023-24,WI,
HI 461 01,HI,461,1,Historiography,"Walther, D",T 9:35AM-11:15AM,15/8/0,15,8,0,,2023-24,WI,
ID 315 01,ID,315,1,Leadership Theories and Practices: Community Emergency Response Team,"TBA, T",TH 9:35AM-11:15AM,22/20/9,22,20,9,,2023-24,WI,
ID 315 02,ID,315,2,Leadership Theories and Practices: Community Builders,"TBA, T",T H 1:00PM-2:40PM,22/21/6,22,21,6,,2023-24,WI,
ID 345 01,ID,345,1,Food,"Spitzer, P",M W F 1:15PM-2:20PM,25/6/0,25,6,0,,2023-24,WI,
ID 360 01,ID,360,1,The Metropolis:Place of Convergence,"TBA, T",,15/0/0,15,0,0,,2023-24,WI,
ID 375 01,ID,375,1,Private Lives in Public Forms,"Lynch, S",T H 9:35AM-11:15AM,25/23/6,25,23,6,,2023-24,WI,
IS 201 01,IS,201,1,Living in a Div World: Cultures of Sacred Places,"Boss, J",M W F 2:30PM-3:35PM,25/22/0,25,22,0,,2023-24,WI,
IS 201 02,IS,201,2,Living in a Div World: On Video Games,"Szarejko, A",T H 1:00PM-2:40PM,25/22/8,25,22,8,,2023-24,WI,
IS 201 03,IS,201,3,Living in a Div World: Faith and Fiction,"Riswold, C",M W F 1:15PM-2:20PM,25/15/0,25,15,0,,2023-24,WI,
IS 201 04,IS,201,4,Living in a Div World: Pop Culture,"Mahmoud, M",M W F 9:00AM-10:05AM,25/25/8,25,25,8,,2023-24,WI,
IS 201 05,IS,201,5,Living in a Div World: On Video Games,"Szarejko, A",M W F 12:00PM-1:05PM,25/17/0,25,17,0,,2023-24,WI,
IS 201 06,IS,201,6,Living in a Div World: The California Gold Rush,"Lindell, T",M W F 2:30PM-3:35PM,25/17/0,25,17,0,,2023-24,WI,
IS 201 07,IS,201,7,"Living in a Div World: Religion, Race, Gender & Identity","Toma, J",M W F 12:00PM-1:05PM,25/15/0,25,15,0,,2023-24,WI,
LS 110 20,LS,110,20,Exploring Careers and Vocation,"Tucker, A",M W F 7:45AM-8:50AM,18/1/0,18,1,0,,2023-24,WI,W2
LS 111 01,LS,111,1,Professional Business Career Prep,"Gonnerman, M",T 7:45AM-9:25AM,22/22/3,22,22,3,,2023-24,WI,
LS 111 02,LS,111,2,Professional Business Career Prep,"Gonnerman, M",H 7:45AM-9:25AM,22/17/0,22,17,0,,2023-24,WI,
LS 115 01,LS,115,1,Exploring Elements of Leadership,"TBA, T",M W F 1:15PM-2:20PM,30/17/0,30,17,0,,2023-24,WI,
LS 115 02,LS,115,2,Exploring Elements of Leadership,"TBA, T",T H 9:35AM-11:15AM,30/23/0,30,23,0,,2023-24,WI,
LS 405 01,LS,405,1,Leadership Portfolio Seminar,"TBA, T",,25/25/2,25,25,2,,2023-24,WI,
LS 405 02,LS,405,2,Leadership Portfolio Seminar,"TBA, T",,25/6/0,25,6,0,,2023-24,WI,
MA 106 01,MA,106,1,Mathematics in Modern Society,"Birgen, M",MWF 9:00AM-10:05AM,34/17/0,34,17,0,,2023-24,WI,
MA 107 01,MA,107,1,Finite Mathematics,"Letsche, T",MWF 7:45AM-8:50AM,34/34/3,34,34,3,,2023-24,WI,
MA 111 01,MA,111,1,Structures of Mathematics II,"Becker, J",M W F 1:15PM-2:20PM,34/34/0,34,34,0,,2023-24,WI,
MA 214 01,MA,214,1,Statistical Methods,"Birgen, B",MWF 9:00AM-10:05AM,34/34/2,34,34,2,,2023-24,WI,
MA 214 02,MA,214,2,Statistical Methods,"Allen, C",MWF 12:00PM-1:05PM,34/34/4,34,34,4,,2023-24,WI,
MA 214 03,MA,214,3,Statistical Methods,"Allen, C",M W F 2:30PM-3:35PM,34/34/2,34,34,2,,2023-24,WI,
MA 250 01,MA,250,1,Applied Calculus,"Birgen, B",M W F 12:00PM-1:05PM,34/15/0,34,15,0,,2023-24,WI,
MA 251 10,MA,251,10,Foundational Differential Calculus,"Becker, J",M W F 7:45AM-8:50AM,34/19/0,34,19,0,,2023-24,WI,W1
MA 251 11,MA,251,11,Foundational Differential Calculus,"Allen, C",M W F 9:00AM-10:05AM,34/14/0,34,14,0,,2023-24,WI,W1
MA 252 20,MA,252,20,Foundational Integral Calculus,"Becker, J",M W F 7:45AM-8:50AM,34/19/0,34,19,0,,2023-24,WI,W2
MA 252 21,MA,252,21,Foundational Integral Calculus,"Allen, C",M W F 9:00AM-10:05AM,34/17/0,34,17,0,,2023-24,WI,W2
MA 301 01,MA,301,1,Linear Algebra,"Birgen, B",MWF 2:30PM-3:35PM,34/20/0,34,20,0,,2023-24,WI,
MA 312 01,MA,312,1,Teaching Elementary School Math,"TBA, T",M WF 10:45AM-11:50AM,25/16/0,25,16,0,,2023-24,WI,
MA 400 01,MA,400,1,Advanced Calculus,"Birgen, M",T H 1:00PM-2:40PM,35/5/0,35,5,0,,2023-24,WI,
MU 106 01,MU,106,1,Music Theory II,"Wachmann, E",M W F 7:45AM-8:50AM,22/21/0,22,21,0,,2023-24,WI,
MU 106 02,MU,106,2,Music Theory II,"Nederhiser, R",M W F 9:00AM-10:05AM,22/12/0,22,12,0,,2023-24,WI,
MU 106 03,MU,106,3,Music Theory II,"TBA, T",M W F 10:45AM-11:50AM,22/13/0,22,13,0,,2023-24,WI,
MU 107 01,MU,107,1,Aural Skills I,"Black, K",T H 8:35AM-9:25AM,19/19/0,19,19,0,,2023-24,WI,
MU 107 02,MU,107,2,Aural Skills I,"Black, K",T H 9:35AM-10:25AM,19/19/0,19,19,0,,2023-24,WI,
MU 107 03,MU,107,3,Aural Skills I,"Black, K",T H 10:25AM-11:15AM,19/7/0,19,7,0,,2023-24,WI,
MU 110 01,MU,110,1,Choir,"Nelson, L",MTWH 4:50PM-6:15PM,90/81/0,90,81,0,FAC 129,2023-24,WI,
MU 111 01,MU,111,1,Castle Singers,"Toliver, N",MTWHF 3:45PM-4:45PM,40/25/0,40,25,0,FAC 129,2023-24,WI,
MU 112 01,MU,112,1,St. Elizabeth Chorale,"Toliver, N",MT H 4:50PM-6:00PM,105/64/0,105,64,0,FAC 104,2023-24,WI,
MU 113 01,MU,113,1,Kantorei,"Black, K",W F 3:45PM-4:45PM,75/51/0,75,51,0,CHA CHA,2023-24,WI,
MU 114 01,MU,114,1,Ritterchor,"Nelson, L",MT H 3:50PM-4:45PM,90/73/0,90,73,0,CHA 010,2023-24,WI,
MU 119 01,MU,119,1,Handbell Choir,"Black, K",M 7:00PM-8:30PM,20/16/0,20,16,0,FAC 129,2023-24,WI,
MU 120 01,MU,120,1,Wind Ensemble,"Snead, L",MTWH 4:50PM-6:15PM,65/23/0,65,23,0,FAC 100,2023-24,WI,
MU 121 01,MU,121,1,Knightliters Jazzband I,"Hakanson, J",W 8:30PM-10:00PM,25/12/0,25,12,0,FAC 100,2023-24,WI,
MU 122 01,MU,122,1,Symphonic Band,"Snead, L",M WH 3:50PM-4:40PM,100/41/0,100,41,0,FAC 100,2023-24,WI,
MU 123 01,MU,123,1,Chamber Music Ensemble: Clarinet Ensemble,"Wachmann, E",,15/0/0,15,0,0,,2023-24,WI,
MU 123 02,MU,123,2,Chamber Music Ensemble: Flute Choir,"Cawley, D",,17/3/0,17,3,0,,2023-24,WI,
MU 123 03,MU,123,3,Chamber Music Ensemble: Saxophone,"Anderson, C",,14/2/0,14,2,0,,2023-24,WI,
MU 123 31,MU,123,31,Chamber Music Ensemble: Percussion Ensemble,"Hakanson, J",,10/3/00,10,3,0,,2023-24,WI,
MU 123 33,MU,123,33,Chamber Music Ensemble: St. George String Quartet,"Forero Villamizar, G",,4/1/00,4,1,0,,2023-24,WI,
MU 127 10,MU,127,10,Diction for Singers: German,"Pfaltzgraff, B",T H 10:25AM-11:15AM,20/19/10,20,19,10,,2023-24,WI,W1
MU 128 20,MU,128,20,Diction for Singers: French,"Larson, J",T H 10:25AM-11:15AM,20/29/0,20,29,0,,2023-24,WI,W2
MU 129 20,MU,129,20,"Inst Meth:Flute,Clarinet,Saxophone","Snead, L",T H 7:45AM-8:35AM,12/7/00,12,7,0,,2023-24,WI,W2
MU 130 01,MU,130,1,Wartburg-Comm Symphony Orchestra,"Nederhiser, R",M H 7:00PM-9:30PM,100/20/0,100,20,0,FAC 100,2023-24,WI,
MU 132 01,MU,132,1,Kammerstreicher,"Nederhiser, R",MTWHF 3:50PM-4:40PM,40/11/0,40,11,0,FAC 104,2023-24,WI,
MU 133 10,MU,133,10,"Inst Methods:Oboe, Bassoon","Landes, N",W 7:00PM-8:30PM,8/8/00,8,8,0,FAC 100,2023-24,WI,W1
MU 134 10,MU,134,10,"Inst Meth:Trumpet, French Horn","Muntefering, S",MW 2:30PM-3:20PM,12/9/00,12,9,0,,2023-24,WI,W1
MU 135 20,MU,135,20,"Inst Methods:Trombone, Tuba","Muntefering, S",T H 7:45AM-8:35AM,12/5/00,12,5,0,FAC 100,2023-24,WI,W2
MU 136 20,MU,136,20,Inst Methods:Mallets,"Frost, R",W 7:00PM-8:30PM,10/10/00,10,10,0,FAC 100,2023-24,WI,W2
MU 137 10,MU,137,10,Inst Methods: Drums,"Frost, R",H 1:00PM-2:40PM,10/10/03,10,10,3,FAC 100,2023-24,WI,W1
MU 138 10,MU,138,10,"Inst Methods:Violin, Viola","Forero Villamizar, G",T 1:00PM-2:40PM,12/10/00,12,10,0,FAC 104,2023-24,WI,W1
MU 139 20,MU,139,20,"Inst Methods:Cello, Bass","Jensen, L",W 7:00PM-8:40PM,10/10/00,10,10,0,FAC 104,2023-24,WI,W2
MU 150 00,MU,150,0,Applied Piano,"TBA, T",,75/17/0,75,17,0,,2023-24,WI,
MU 150 01,MU,150,1,Applied Piano,"Sheckler, H",T 2:45PM-3:30PM,50/13/0,50,13,0,,2023-24,WI,
MU 150 02,MU,150,2,Applied Piano,"Doran, M",,30/10/0,30,10,0,,2023-24,WI,
MU 150 03,MU,150,3,Applied Piano,"Braaten-Reuter, L",,50/4/0,50,4,0,FAC 117,2023-24,WI,
MU 150 04,MU,150,4,Applied Piano,"Reuter, T",T 2:45PM-3:45PM,30/0/0,30,0,0,,2023-24,WI,
MU 150 05,MU,150,5,Applied Piano,"Beane, D",,35/13/0,35,13,0,FAC 010,2023-24,WI,
MU 155 00,MU,155,0,Piano Class,"Sheckler, H",T H 9:35AM-11:15AM,50/4/0,50,4,0,,2023-24,WI,
MU 155 01,MU,155,1,Piano Class,"Sheckler, H",,10/1/00,10,1,0,FAC 117,2023-24,WI,
MU 155 02,MU,155,2,Piano Class,"Sheckler, H",,10/1/00,10,1,0,FAC 117,2023-24,WI,
MU 155 99,MU,155,99,Piano Class,"Sheckler, H",M W 2:30PM-3:35PM,50/7/0,50,7,0,FAC 117,2023-24,WI,
MU 158 01,MU,158,1,Therapeutic Improvisation I,"Ashton, B",T 6:30PM-8:00PM,15/11/0,15,11,0,,2023-24,WI,
MU 160 01,MU,160,1,Applied Organ,"Black, K",,50/5/0,50,5,0,CHA CHA,2023-24,WI,
MU 170 00,MU,170,0,Applied Voice,"TBA, T",,75/0/0,75,0,0,,2023-24,WI,
MU 170 01,MU,170,1,Applied Voice,"Pfaltzgraff, B",H 2:45PM-3:30PM,50/13/0,50,13,0,FAC 202,2023-24,WI,
MU 170 02,MU,170,2,Applied Voice,"Larson, J",,50/7/0,50,7,0,FAC 201,2023-24,WI,
MU 170 02,MU,170,2,Applied Voice,"Larson, J",T 2:45PM-3:40PM,50/7/0,50,7,0,FAC 129,2023-24,WI,
MU 170 03,MU,170,3,Applied Voice,"Gast, D",,50/24/0,50,24,0,FAC 205,2023-24,WI,
MU 170 04,MU,170,4,Applied Voice,"Gast, R",,50/14/0,50,14,0,FAC 205,2023-24,WI,
MU 170 05,MU,170,5,Applied Voice,"Larson, S",T 2:45PM-3:40PM,25/17/0,25,17,0,,2023-24,WI,
MU 170 06,MU,170,6,Applied Voice,"Beane Hanson, K",,50/11/0,50,11,0,FAC 204,2023-24,WI,
MU 170 07,MU,170,7,Applied Voice,"Pfaltzgraff, C",,20/13/0,20,13,0,FAC 204,2023-24,WI,
MU 170 08,MU,170,8,Applied Voice,"Gougler, K",,25/11/0,25,11,0,,2023-24,WI,
MU 177 01,MU,177,1,Voice Methods II,"Larson, S",H 6:30PM-7:30PM,15/9/0,15,9,0,,2023-24,WI,
MU 180 B1,MU,180,B1,Applied Euphonium,"Lambert, C",,100/0/0,100,0,0,FAC 111,2023-24,WI,
MU 180 B2,MU,180,B2,Applied Brass:French Horn,"Harris, C",,100/3/0,100,3,0,FAC 012,2023-24,WI,
MU 180 B3,MU,180,B3,Applied Brass:Trombone,"Lambert, C",,100/4/0,100,4,0,FAC 111,2023-24,WI,
MU 180 B4,MU,180,B4,Applied Brass:Trumpet,"Muntefering, S",,100/6/0,100,6,0,FAC 041,2023-24,WI,
MU 180 B5,MU,180,B5,Applied Brass:Tuba,"Lambert, C",,100/1/0,100,1,0,FAC 111,2023-24,WI,
MU 180 P1,MU,180,P1,Applied Percussion,"Frost, R",,100/6/0,100,6,0,FAC 016,2023-24,WI,
MU 180 P2,MU,180,P2,Applied Percussion,"Hakanson, J",,4/2/00,4,2,0,,2023-24,WI,
MU 180 W1,MU,180,W1,Applied Woodwind:Bassoon,"Landes, N",,100/1/0,100,1,0,FAC 013,2023-24,WI,
MU 180 W2,MU,180,W2,Applied Woodwind:Clarinet,"Wachmann, E",H 2:50PM-3:40PM,100/4/0,100,4,0,FAC 104,2023-24,WI,
MU 180 W2,MU,180,W2,Applied Woodwind: Clarinet Lab,"Wachmann, E",,25/5/0,25,5,0,FAC 104,2023-24,WI,
MU 180 W3,MU,180,W3,Applied Woodwind: Flute,"Cawley, D",T 3:45PM-4:45PM,50/6/0,50,6,0,,2023-24,WI,
MU 180 W4,MU,180,W4,Applied Woodwind:Oboe,"Nederhiser, R",,100/0/0,100,0,0,FAC 013,2023-24,WI,
MU 180 W5,MU,180,W5,Applied Woodwind:Saxophone,"Anderson, C",,100/5/0,100,5,0,FAC 013,2023-24,WI,
MU 181 01,MU,181,1,Field Exp: Elem Music K-8,"Toliver, N",,25/17/0,25,17,0,,2023-24,WI,
MU 183 01,MU,183,1,Intro to Music Therapy Fieldwork,"Fleming, K",W 10:45AM-11:50AM,15/9/0,15,9,0,,2023-24,WI,
MU 184 01,MU,184,1,Music Therapy Pre-Practicum I,"Ashton, B",,20/9/0,20,9,0,,2023-24,WI,
MU 190 G1,MU,190,G1,Applied Guitar,"Sanders, M",,35/16/0,35,16,0,FAC 204,2023-24,WI,
MU 190 S1,MU,190,S1,Applied Strings:Cello,"Lebedeva, L",,100/5/0,100,5,0,,2023-24,WI,
MU 190 S2,MU,190,S2,Applied Strings:Viola,"Forero Villamizar, G",,100/1/0,100,1,0,FAC 108,2023-24,WI,
MU 190 S3,MU,190,S3,Applied Strings:Violin,"Forero Villamizar, G",,100/2/0,100,2,0,FAC 108,2023-24,WI,
MU 190 S4,MU,190,S4,Applied Strings: Bass,"Jensen, L",,10/0/0,10,0,0,,2023-24,WI,
MU 196 01,MU,196,1,Therapeutic Guitar,"Sanders, M",M 10:45AM-11:50AM,12/9/00,12,9,0,,2023-24,WI,
MU 209 01,MU,209,1,General Music Methods:K-8,"Toliver, N",TH 1:00PM-2:40PM,25/17/0,25,17,0,,2023-24,WI,
MU 214 01,MU,214,1,MT in Medical and Mental Health,"Fleming, K",M F 2:30PM-3:35PM,25/14/0,25,14,0,,2023-24,WI,
MU 222 01,MU,222,1,Voice Literature & Materials,"Pfaltzgraff, B",,25/0/0,25,0,0,,2023-24,WI,
MU 229 10,MU,229,10,Voice Pedagogy I,"Larson, J",M W F 2:30PM-3:35PM,20/18/0,20,18,0,,2023-24,WI,W1
MU 230 20,MU,230,20,Voice Pedagogy II,"Larson, J",M W F 2:30PM-3:35PM,20/5/0,20,5,0,,2023-24,WI,W2
MU 250 00,MU,250,0,Applied Piano,"TBA, T",,50/0/0,50,0,0,,2023-24,WI,
MU 250 01,MU,250,1,Applied Piano,"Sheckler, H",T 2:45PM-3:30PM,30/2/0,30,2,0,,2023-24,WI,
MU 250 02,MU,250,2,Applied Piano,"Doran, M",,10/0/0,10,0,0,,2023-24,WI,
MU 250 04,MU,250,4,Applied Piano,"Reuter, T",T 2:45PM-3:45PM,20/2/0,20,2,0,,2023-24,WI,
MU 250 05,MU,250,5,Applied Piano,"Beane, D",,1/0/0,1,0,0,FAC 117,2023-24,WI,
MU 260 01,MU,260,1,Applied Organ,"Black, K",,100/0/0,100,0,0,CHA CHA,2023-24,WI,
MU 270 00,MU,270,0,Applied Voice,"TBA, T",,50/0/0,50,0,0,,2023-24,WI,
MU 270 01,MU,270,1,Applied Voice,"Pfaltzgraff, B",H 2:45PM-3:30PM,100/7/0,100,7,0,FAC 202,2023-24,WI,
MU 270 02,MU,270,2,Applied Voice,"Larson, J",,50/12/0,50,12,0,FAC 201,2023-24,WI,
MU 270 02,MU,270,2,Applied Voice,"Larson, J",T 2:45PM-3:40PM,50/12/0,50,12,0,FAC 129,2023-24,WI,
MU 270 03,MU,270,3,Applied Voice,"Gast, D",,50/3/0,50,3,0,FAC 205,2023-24,WI,
MU 270 04,MU,270,4,Applied Voice,"Gast, R",,100/2/0,100,2,0,FAC 205,2023-24,WI,
MU 270 05,MU,270,5,Applied Voice,"Larson, S",T 2:45PM-3:40PM,25/2/0,25,2,0,,2023-24,WI,
MU 270 06,MU,270,6,Applied Voice,"Beane Hanson, K",,100/4/0,100,4,0,FAC 204,2023-24,WI,
MU 270 07,MU,270,7,Applied Voice,"Pfaltzgraff, C",,10/6/00,10,6,0,FAC 204,2023-24,WI,
MU 270 08,MU,270,8,Applied Voice,"Gougler, K",,10/6/00,10,6,0,,2023-24,WI,
MU 270 09,MU,270,9,Applied Voice,"Whitish, B",,20/0/0,20,0,0,,2023-24,WI,
MU 271 01,MU,271,1,Opera Workshop,"Pfaltzgraff, B",MTWHF 7:00PM-9:00PM,50/3/0,50,3,0,FAC 129,2023-24,WI,
MU 280 B1,MU,280,B1,Applied Euphonium,"Lambert, C",,100/2/0,100,2,0,FAC 111,2023-24,WI,
MU 280 B2,MU,280,B2,Applied Brass:French Horn,"Harris, C",,100/2/0,100,2,0,FAC 012,2023-24,WI,
MU 280 B3,MU,280,B3,Applied Brass:Trombone,"Lambert, C",,100/1/0,100,1,0,FAC 111,2023-24,WI,
MU 280 B4,MU,280,B4,Applied Brass:Trumpet,"Muntefering, S",,100/6/0,100,6,0,FAC 041,2023-24,WI,
MU 280 B5,MU,280,B5,Applied Brass:Tuba,"Lambert, C",,100/2/0,100,2,0,FAC 111,2023-24,WI,
MU 280 P1,MU,280,P1,Applied Percussion,"Frost, R",,100/4/0,100,4,0,FAC 016,2023-24,WI,
MU 280 P2,MU,280,P2,Applied Percussion,"Hakanson, J",,10/0/0,10,0,0,,2023-24,WI,
MU 280 W1,MU,280,W1,Applied Woodwind:Bassoon,"Landes, N",,100/0/0,100,0,0,FAC 013,2023-24,WI,
MU 280 W2,MU,280,W2,Applied Woodwind:Clarinet,"Wachmann, E",H 2:50PM-3:40PM,100/5/0,100,5,0,FAC 104,2023-24,WI,
MU 280 W2,MU,280,W2,Applied Woodwind:Clarinet,"Wachmann, E",,100/5/0,100,5,0,FAC 113,2023-24,WI,
MU 280 W3,MU,280,W3,Applied Woodwind:Flute,"Cawley, D",T 3:45PM-4:45PM,100/5/0,100,5,0,,2023-24,WI,
MU 280 W4,MU,280,W4,Applied Woodwind:Oboe,"Nederhiser, R",,100/1/0,100,1,0,FAC 013,2023-24,WI,
MU 280 W5,MU,280,W5,Applied Woodwind:Saxophone,"Anderson, C",,100/4/0,100,4,0,FAC 013,2023-24,WI,
MU 285 01,MU,285,1,Music Therapy Practicum II,"Ashton, B",W 6:30PM-7:30PM,20/2/0,20,2,0,,2023-24,WI,
MU 285 02,MU,285,2,Music Therapy Practicum II,"Fleming, K",W 6:30PM-7:30PM,20/0/0,20,0,0,,2023-24,WI,
MU 285 03,MU,285,3,Music Therapy Practicum II,"Rewerts, K",W 6:30PM-7:30PM,20/0/0,20,0,0,,2023-24,WI,
MU 285 04,MU,285,4,Music Therapy Practicum II,"Wendland, M",W 6:30PM-7:30PM,20/0/0,20,0,0,,2023-24,WI,
MU 285 05,MU,285,5,Music Therapy Practicum II,"Lekander, L",W 6:30PM-7:30PM,20/0/0,20,0,0,,2023-24,WI,
MU 285 06,MU,285,6,Music Therapy Practicum II,"Anderson, L",W 6:30PM-7:30PM,20/0/0,20,0,0,,2023-24,WI,
MU 290 G1,MU,290,G1,Applied:Guitar,"Sanders, M",,50/0/0,50,0,0,FAC 204,2023-24,WI,
MU 290 S1,MU,290,S1,Applied Strings:Cello,"Lebedeva, L",,100/0/0,100,0,0,,2023-24,WI,
MU 290 S2,MU,290,S2,Applied Strings:Viola,"Forero Villamizar, G",,100/0/0,100,0,0,FAC 108,2023-24,WI,
MU 290 S3,MU,290,S3,Applied Strings:Violin,"Forero Villamizar, G",,100/0/0,100,0,0,FAC 108,2023-24,WI,
MU 290 S4,MU,290,S4,Applied Strings:Bass,"Jensen, L",,10/0/0,10,0,0,,2023-24,WI,
MU 312 01,MU,312,1,Psychology of Music,"Ashton, B",T H 9:35AM-11:15AM,25/5/0,25,5,0,,2023-24,WI,
MU 315 01,MU,315,1,Music History I,"Doran, M",MWF 9:00AM-10:05AM,20/15/0,20,15,0,,2023-24,WI,
MU 315 02,MU,315,2,Music History I,"Doran, M",MWF 10:45AM-11:50AM,20/20/0,20,20,0,,2023-24,WI,
MU 318 01,MU,318,1,Twentieth Century Music,"Doran, M",M W F 12:00PM-1:05PM,25/11/0,25,11,0,,2023-24,WI,
MU 318 02,MU,318,2,Twentieth Century Music,"Doran, M",MWF 1:15PM-2:20PM,25/15/0,25,15,0,,2023-24,WI,
MU 321 01,MU,321,1,Music Therapy Research,"Ashton, B",M W F 9:00AM-10:05AM,15/5/0,15,5,0,,2023-24,WI,
MU 322 01,MU,322,1,Music in Christian Worship,"Black, K",M W F 1:15PM-2:20PM,20/7/0,20,7,0,,2023-24,WI,
MU 330 01,MU,330,1,Choral & Band Conducting & Lit,"Snead, L",MWF 9:00AM-10:05AM,25/16/0,25,16,0,FAC 100,2023-24,WI,
MU 350 00,MU,350,0,Applied Piano,"TBA, T",,50/0/0,50,0,0,,2023-24,WI,
MU 350 01,MU,350,1,Applied Piano,"Sheckler, H",T 2:45PM-3:30PM,30/1/0,30,1,0,,2023-24,WI,
MU 350 02,MU,350,2,Applied Piano,"Doran, M",,10/0/0,10,0,0,,2023-24,WI,
MU 350 04,MU,350,4,Applied Piano,"Reuter, T",T 2:45PM-3:45PM,20/1/0,20,1,0,,2023-24,WI,
MU 360 01,MU,360,1,Applied Organ,"Black, K",,100/0/0,100,0,0,CHA CHA,2023-24,WI,
MU 370 00,MU,370,0,Applied Voice,"TBA, T",,50/0/0,50,0,0,,2023-24,WI,
MU 370 01,MU,370,1,Applied Voice,"Pfaltzgraff, B",H 2:45PM-3:30PM,100/1/0,100,1,0,FAC 202,2023-24,WI,
MU 370 02,MU,370,2,Applied Voice,"Larson, J",,50/3/0,50,3,0,FAC 201,2023-24,WI,
MU 370 02,MU,370,2,Applied Voice,"Larson, J",T 2:45PM-3:40PM,50/3/0,50,3,0,FAC 129,2023-24,WI,
MU 370 03,MU,370,3,Applied Voice,"Gast, D",,50/0/0,50,0,0,FAC 205,2023-24,WI,
MU 370 04,MU,370,4,Applied Voice,"Gast, R",,50/4/0,50,4,0,FAC 205,2023-24,WI,
MU 370 05,MU,370,5,Applied Voice,"Larson, S",T 2:45PM-3:40PM,50/0/0,50,0,0,,2023-24,WI,
MU 370 06,MU,370,6,Applied Voice,"Beane Hanson, K",,100/3/0,100,3,0,FAC 204,2023-24,WI,
MU 370 07,MU,370,7,Applied Voice,"Pfaltzgraff, C",,10/2/00,10,2,0,FAC 204,2023-24,WI,
MU 370 08,MU,370,8,Applied Voice,"Gougler, K",,10/2/00,10,2,0,,2023-24,WI,
MU 380 B1,MU,380,B1,Applied Euphonium,"Lambert, C",,100/0/0,100,0,0,FAC 111,2023-24,WI,
MU 380 B2,MU,380,B2,Applied Brass:French Horn,"Harris, C",,100/0/0,100,0,0,FAC 012,2023-24,WI,
MU 380 B3,MU,380,B3,Applied Brass:Trombone,"Lambert, C",,100/0/0,100,0,0,FAC 111,2023-24,WI,
MU 380 B4,MU,380,B4,Applied Brass:Trumpet,"Muntefering, S",,100/0/0,100,0,0,FAC 041,2023-24,WI,
MU 380 B5,MU,380,B5,Applied Brass:Tuba,"Lambert, C",,100/0/0,100,0,0,FAC 111,2023-24,WI,
MU 380 P1,MU,380,P1,Applied Percussion,"Frost, R",,100/2/0,100,2,0,FAC 016,2023-24,WI,
MU 380 W1,MU,380,W1,Applied Woodwind:Bassoon,"Landes, N",,100/0/0,100,0,0,FAC 013,2023-24,WI,
MU 380 W2,MU,380,W2,Applied Woodwind:Clarinet,"Wachmann, E",H 2:50PM-3:40PM,100/0/0,100,0,0,FAC 104,2023-24,WI,
MU 380 W2,MU,380,W2,Applied Woodwind:Clarinet,"Wachmann, E",,100/0/0,100,0,0,FAC 113,2023-24,WI,
MU 380 W3,MU,380,W3,Applied Woodwind:Flute,"Cawley, D",T 3:45PM-4:45PM,100/0/0,100,0,0,,2023-24,WI,
MU 380 W4,MU,380,W4,Applied Woodwind:Oboe,"Nederhiser, R",,100/1/0,100,1,0,FAC 013,2023-24,WI,
MU 380 W5,MU,380,W5,Applied Woodwind:Saxophone,"Anderson, C",,100/0/0,100,0,0,FAC 013,2023-24,WI,
MU 382 01,MU,382,1,Music Therapy Practicum III,"Ashton, B",W 7:30PM-8:30PM,20/1/0,20,1,0,,2023-24,WI,
MU 382 02,MU,382,2,Music Therapy Practicum III,"Fleming, K",W 7:30PM-8:30PM,20/0/0,20,0,0,,2023-24,WI,
MU 382 03,MU,382,3,Music Therapy Practicum III,"Rewerts, K",W 7:30PM-8:30PM,20/0/0,20,0,0,,2023-24,WI,
MU 382 04,MU,382,4,Music Therapy Practicum III,"Wendland, M",W 7:30PM-8:30PM,20/0/0,20,0,0,,2023-24,WI,
MU 382 05,MU,382,5,Music Therapy Practicum III,"Lekander, L",W 7:30PM-8:30PM,20/0/0,20,0,0,,2023-24,WI,
MU 382 06,MU,382,6,Music Therapy Practicum III,"Anderson, L",W 7:30PM-8:30PM,20/0/0,20,0,0,,2023-24,WI,
MU 383 01,MU,383,1,Music Therapy Practicum IV,"Ashton, B",W 7:30PM-8:30PM,20/4/0,20,4,0,,2023-24,WI,
MU 383 02,MU,383,2,Music Therapy Practicum IV,"Fleming, K",W 7:30PM-8:30PM,20/0/0,20,0,0,,2023-24,WI,
MU 383 03,MU,383,3,Music Therapy Practicum IV,"Rewerts, K",W 7:30PM-8:30PM,20/0/0,20,0,0,,2023-24,WI,
MU 383 04,MU,383,4,Music Therapy Practicum IV,"Wendland, M",W 7:30PM-8:30PM,20/0/0,20,0,0,,2023-24,WI,
MU 383 05,MU,383,5,Music Therapy Practicum IV,"Lekander, L",W 7:30PM-8:30PM,20/0/0,20,0,0,,2023-24,WI,
MU 383 06,MU,383,6,Music Therapy Practicum IV,"Anderson, L",W 7:30PM-8:30PM,20/0/0,20,0,0,,2023-24,WI,
MU 390 G1,MU,390,G1,Applied Guitar,"Sanders, M",,50/0/0,50,0,0,,2023-24,WI,
MU 390 S1,MU,390,S1,Applied Strings:Cello,"Lebedeva, L",,100/0/0,100,0,0,,2023-24,WI,
MU 390 S2,MU,390,S2,Applied Strings:Viola,"Forero Villamizar, G",,100/0/0,100,0,0,FAC 108,2023-24,WI,
MU 390 S3,MU,390,S3,Applied Strings:Violin,"Forero Villamizar, G",,100/0/0,100,0,0,FAC 108,2023-24,WI,
MU 390 S4,MU,390,S4,Applied Strings: Bass,"Jensen, L",,10/0/0,10,0,0,,2023-24,WI,
MU 405 01,MU,405,1,Music Therapy Internship,"Ashton, B",,99/2/0,99,2,0,,2023-24,WI,
MU 409 10,MU,409,10,Contemporary Issues:Music Education,"Toliver, N",M W F 10:45AM-11:50AM,20/13/0,20,13,0,,2023-24,WI,W1
MU 410 20,MU,410,20,Current Issues in Music Therapy,"Ashton, B",M W F 10:45AM-11:50AM,20/11/0,20,11,0,,2023-24,WI,W2
MU 485 01,MU,485,1,Music Therapy Practicum V,"Ashton, B",W 7:30PM-8:30PM,20/10/0,20,10,0,,2023-24,WI,
MU 485 02,MU,485,2,Music Therapy Practicum V,"Fleming, K",W 7:30PM-8:30PM,20/0/0,20,0,0,,2023-24,WI,
MU 485 03,MU,485,3,Music Therapy Practicum V,"Rewerts, K",W 7:30PM-8:30PM,20/0/0,20,0,0,,2023-24,WI,
MU 485 04,MU,485,4,Music Therapy Practicum V,"Wendland, M",W 7:30PM-8:30PM,20/1/0,20,1,0,,2023-24,WI,
MU 485 05,MU,485,5,Music Therapy Practicum V,"Lekander, L",W 7:30PM-8:30PM,20/0/0,20,0,0,,2023-24,WI,
MU 485 06,MU,485,6,Music Therapy Practicum V,"Anderson, L",W 7:30PM-8:30PM,20/0/0,20,0,0,,2023-24,WI,
MU 997 01,MU,997,1,Junior Recital,"Pfaltzgraff, B",,50/1/0,50,1,0,,2023-24,WI,
MU 998 01,MU,998,1,Senior Recital,"Pfaltzgraff, B",,50/2/0,50,2,0,,2023-24,WI,
NSC 456 01,NSC,456,1,Student-Originated Research,"Mommer, B",T 7:45PM-8:50PM,16/9/0,16,9,0,,2023-24,WI,
NSC 461 01,NSC,461,1,Neuroscience Seminar,"Larimer Bousquet, S",T 7:45AM-9:25AM,18/9/0,18,9,0,,2023-24,WI,
PBH 101 01,PBH,101,1,Introduction to Public Health,"Vander Werff, A",M W F 10:45AM-11:50AM,30/29/0,30,29,0,,2023-24,WI,
PBH 455 01,PBH,455,1,Applied Public Health Research,"Whitaker, J",,12/0/0,12,0,0,,2023-24,WI,
PE 100 10,PE,100,10,Lifetime Wellness,"Foster, D",MW 7:45AM-8:50AM,25/25/7,25,25,7,,2023-24,WI,W1
PE 100 11,PE,100,11,Lifetime Wellness,"Foster, D",MW 9:00AM-10:05AM,25/25/4,25,25,4,,2023-24,WI,W1
PE 100 12,PE,100,12,Lifetime Wellness,"Dietz Parsons, P",MW 10:45AM-11:50AM,25/25/4,25,25,4,,2023-24,WI,W1
PE 100 20,PE,100,20,Lifetime Wellness,"Foster, D",MW 7:45AM-8:50AM,25/25/2,25,25,2,,2023-24,WI,W2
PE 100 21,PE,100,21,Lifetime Wellness,"Foster, D",MW 9:00AM-10:05AM,25/25/4,25,25,4,,2023-24,WI,W2
PE 155 01,PE,155,1,Care & Prevention:Athletic Injuries,"TBA, T",T H 7:45AM-9:25AM,25/23/0,25,23,0,,2023-24,WI,
PE 300 01,PE,300,1,Contemporary Issues in Sport Mgmt,"Williams, R",T H 1:00PM-2:40PM,25/23/0,25,23,0,,2023-24,WI,
PE 351 10,PE,351,10,Kinesiology,"Drees, D",MWF 12:00PM-1:05PM,25/44/0,25,44,0,W 2006,2023-24,WI,W1
PE 353 20,PE,353,20,Tests and Measurement,"Johnson, A",M W F 10:45AM-11:50AM,25/12/0,25,12,0,,2023-24,WI,W2
PE 354 10,PE,354,10,Adaptive PE & Fitness,"Johnson, A",M 6:30PM-9:30PM,25/22/0,25,22,0,,2023-24,WI,W1
PE 355 20,PE,355,20,Biomechanics of Human Movement,"Rave, A",M W F 12:00PM-1:05PM,30/17/0,30,17,0,,2023-24,WI,W2
PE 356 20,PE,356,20,Strength and Conditioning,"Tschetter, M",MWF 10:45AM-11:50AM,25/17/0,25,17,0,,2023-24,WI,W2
PE 357 01,PE,357,1,Essentials of Strength Training,"Dietz Parsons, P",M W F 9:00AM-10:05AM,25/25/1,25,25,1,,2023-24,WI,
PE 458 20,PE,458,20,Fitness Management Seminar,"Chapman, R",T H 9:35AM-11:15AM,25/11/0,25,11,0,,2023-24,WI,W2
PH 101 01,PH,101,1,Introduction to Philosophy,"Helgevold, A",M W F 12:00PM-1:05PM,35/28/0,35,28,0,,2023-24,WI,
PH 206 01,PH,206,1,Ethics,"Helgevold, A",M W F 2:30PM-3:35PM,25/25/3,25,25,3,,2023-24,WI,
PH 307 01,PH,307,1,Philosophy of Religion,"Helgevold, A",T H 9:35AM-11:15AM,25/12/0,25,12,0,,2023-24,WI,
PHY 102 01,PHY,102,1,General Physics II,"Yan, V",MWF 12:00PM-1:05PM,40/18/0,40,18,0,,2023-24,WI,
PHY 102 01,PHY,102,1,General Physics II Lab 1,"Yan, V",H 7:45AM-9:25AM,20/7/0,20,7,0,,2023-24,WI,
PHY 102 02,PHY,102,2,General Physics II Lab 2,"Yan, V",H 9:35AM-11:15AM,20/11/0,20,11,0,,2023-24,WI,
PHY 150 01,PHY,150,1,Science for Society,"Birgen, M",MWF 12:00PM-1:05PM,24/24/7,24,24,7,,2023-24,WI,
PHY 150 02,PHY,150,2,Science for Society,"Bousquet, B",M W F 2:30PM-3:35PM,24/24/15,24,24,15,,2023-24,WI,
PHY 175 01,PHY,175,1,Astrobiology: Search For Alien Life,"Yan, V",M W F 2:30PM-3:35PM,35/33/0,35,33,0,,2023-24,WI,
PHY 175 01,PHY,175,1,Astrobio: Search For Alien Life Lab,"Yan, V",T 1:00PM-2:40PM,35/33/0,35,33,0,,2023-24,WI,
PHY 204 01,PHY,204,1,Classical Physics II,"Bousquet, B",MWF 10:45AM-11:50AM,20/10/0,20,10,0,,2023-24,WI,
PHY 204 02,PHY,204,2,Classical Physics II Lab 2,"Bousquet, B",T 9:35AM-11:15AM,20/10/0,20,10,0,,2023-24,WI,
PHY 313 01,PHY,313,1,Digital Electronics,"Black, D",M W F 9:00AM-10:05AM,36/4/0,36,4,0,,2023-24,WI,
PHY 317 01,PHY,317,1,Optics,"Yan, V",M W F 9:00AM-10:05AM,34/2/0,34,2,0,,2023-24,WI,
PHY 320 01,PHY,320,1,Statistical Mech & Thermal Physics,"Bousquet, B",M W F 1:15PM-2:20PM,25/0/0,25,0,0,,2023-24,WI,
PS 101 01,PS,101,1,Introduction to American Politics,"Szarejko, A",MWF 9:00AM-10:05AM,30/9/0,30,9,0,,2023-24,WI,
PS 265 01,PS,265,1,Modern Terrorism & Counterterrorism,"Billet, B",M W F 12:00PM-1:05PM,25/11/0,25,11,0,,2023-24,WI,
PS 273 01,PS,273,1,"Intel, Disinformation & Deception","Szarejko, A",M W F 10:45AM-11:50AM,25/11/0,25,11,0,,2023-24,WI,
PS 304 01,PS,304,1,The Developing World,"Billet, B",M W F 1:15PM-2:20PM,25/13/0,25,13,0,,2023-24,WI,
PS 306 01,PS,306,1,History of Amer-Foreign Relations,"Lindell, T",T 6:30PM-9:30PM,25/4/0,25,4,0,,2023-24,WI,
PS 421 01,PS,421,1,Adv Research Meth & Data Analysis,"Eslick Watkins, A",T H 1:00PM-2:40PM,8/0/0,8,0,0,,2023-24,WI,
PS 421 02,PS,421,2,Adv Research Meth & Data Analysis,"Munir, S",M W F 10:45AM-11:50AM,8/0/0,8,0,0,,2023-24,WI,
PS 421 03,PS,421,3,Adv Research Meth & Data Analysis,"Eslick Watkins, A",M W F 1:15PM-2:20PM,8/0/0,8,0,0,,2023-24,WI,
PS 460 01,PS,460,1,Perspectives in Political Science,"Billet, B",W 6:30PM-9:30PM,25/10/0,25,10,0,,2023-24,WI,
PSY 101 01,PSY,101,1,Introduction to Psychology,"Heck, A",M W F 1:15PM-2:20PM,40/38/0,40,38,0,,2023-24,WI,
PSY 101 02,PSY,101,2,Introduction to Psychology,"Heck, A",T H 9:35AM-11:15AM,40/27/0,40,27,0,,2023-24,WI,
PSY 101 03,PSY,101,3,Introduction to Psychology,"Heck, A",T H 1:00PM-2:40PM,40/33/0,40,33,0,,2023-24,WI,
PSY 210 10,PSY,210,10,Child Development,"Munir, S",T H 7:45AM-9:25AM,30/10/0,30,10,0,,2023-24,WI,W1
PSY 211 20,PSY,211,20,Adolescent Development,"Munir, S",T H 7:45AM-9:25AM,30/7/0,30,7,0,,2023-24,WI,W2
PSY 224 01,PSY,224,1,Abnormal Psychology,"Reiher, T",MWF 10:45AM-11:50AM,30/27/0,30,27,0,,2023-24,WI,
PSY 225 01,PSY,225,1,Life-Span Human Development,"Munir, S",MWF 9:00AM-10:05AM,25/25/11,25,25,11,,2023-24,WI,
PSY 229 01,PSY,229,1,Theories of Personality,"Heck, A",M W F 12:00PM-1:05PM,30/30/2,30,30,2,,2023-24,WI,
PSY 270 10,PSY,270,10,Perspectives in Psychology I,"Reiher, T",T H 1:00PM-2:40PM,15/15/5,15,15,5,,2023-24,WI,W1
PSY 421 01,PSY,421,1,Adv Research Meth & Data Analysis,"Eslick Watkins, A",T H 1:00PM-2:40PM,6/6/00,6,6,0,,2023-24,WI,
PSY 421 02,PSY,421,2,Adv Research Meth & Data Analysis,"Munir, S",M W F 10:45AM-11:50AM,8/12/00,8,12,0,,2023-24,WI,
PSY 421 03,PSY,421,3,Adv Research Meth & Data Analysis,"Eslick Watkins, A",M W F 1:15PM-2:20PM,8/11/01,8,11,1,,2023-24,WI,
PSY 422 01,PSY,422,1,Advanced Cognitive Psychology,"Reiher, T",M 6:30PM-9:30PM,12/0/0,12,0,0,,2023-24,WI,
PSY 422 02,PSY,422,2,Advanced Cognitive Psychology,"Eslick Watkins, A",M 6:30PM-9:30PM,12/0/0,12,0,0,,2023-24,WI,
PSY 423 01,PSY,423,1,Advanced Social Psychology,"Reiher, T",M 6:30PM-9:30PM,1/1/00,1,1,0,,2023-24,WI,
PSY 423 02,PSY,423,2,Advanced Social Psychology,"Eslick Watkins, A",M 6:30PM-9:30PM,2/2/00,2,2,0,,2023-24,WI,
PSY 424 01,PSY,424,1,Advanced Clinical Psychology,"Reiher, T",M 6:30PM-9:30PM,2/2/01,2,2,1,,2023-24,WI,
PSY 424 02,PSY,424,2,Advanced Clinical Psychology,"Eslick Watkins, A",M 6:30PM-9:30PM,2/2/00,2,2,0,,2023-24,WI,
PSY 425 01,PSY,425,1,Advanced Human Development,"Reiher, T",M 6:30PM-9:30PM,1/1/00,1,1,0,,2023-24,WI,
PSY 425 02,PSY,425,2,Advanced Human Development,"Eslick Watkins, A",M 6:30PM-9:30PM,12/0/0,12,0,0,,2023-24,WI,
PSY 426 01,PSY,426,1,Advanced Neuropsychology,"Reiher, T",M 6:30PM-9:30PM,7/7/00,7,7,0,,2023-24,WI,
PSY 426 02,PSY,426,2,Advanced Neuropsychology,"Eslick Watkins, A",M 6:30PM-9:30PM,7/7/00,7,7,0,,2023-24,WI,
PSY 470 20,PSY,470,20,Perspective in Psych II,"Reiher, T",T H 1:00PM-2:40PM,15/15/2,15,15,2,,2023-24,WI,W2
RE 102 01,RE,102,1,The Bible in a Diverse World,"Wendland, K",M W F 7:45AM-8:50AM,38/37/5,38,37,5,,2023-24,WI,
RE 102 02,RE,102,2,The Bible in a Diverse World,"Wendland, K",M W F 9:00AM-10:05AM,38/37/6,38,37,6,,2023-24,WI,
RE 102 03,RE,102,3,The Bible in a Diverse World,"Jeffcoat Schedtler, J",M W F 12:00PM-1:05PM,38/38/3,38,38,3,,2023-24,WI,
RE 102 04,RE,102,4,The Bible in a Diverse World,"Jeffcoat Schedtler, J",M W F 1:15PM-2:20PM,38/38/4,38,38,4,,2023-24,WI,
RE 102 05,RE,102,5,The Bible in a Diverse World,"Wendland, K",M W F 1:15PM-2:20PM,38/38/4,38,38,4,,2023-24,WI,
RE 200 01,RE,200,1,Introduction to Theology,"Riswold, C",M W F 10:45AM-11:50AM,34/20/0,34,20,0,,2023-24,WI,
RE 202 01,RE,202,1,World Religions in Dialogue,"Terasawa, K",M W F 9:00AM-10:05AM,25/25/2,25,25,2,,2023-24,WI,
RE 202 02,RE,202,2,World Religions in Dialogue,"Terasawa, K",M W F 10:45AM-11:50AM,25/25/2,25,25,2,,2023-24,WI,
RE 340 01,RE,340,1,Islam and the Modern World,"Terasawa, K",M W F 1:15PM-2:20PM,25/20/0,25,20,0,,2023-24,WI,
SCH 115 10,SCH,115,10,Opportunities Seminar,"Clark, R",T 6:30PM-8:10PM,25/12/0,25,12,0,,2023-24,WI,W1
SCH 115 20,SCH,115,20,Opportunities Seminar,"Clark, R",W 6:30PM-8:10PM,25/10/1,25,10,1,,2023-24,WI,W2
SO 101 01,SO,101,1,Introduction to Sociology,"Sundblad, D",MWF 9:00AM-10:05AM,30/21/0,30,21,0,,2023-24,WI,
SO 101 02,SO,101,2,Introduction to Sociology,"McQueen, J",M W F 10:45AM-11:50AM,30/12/0,30,12,0,,2023-24,WI,
SO 302 01,SO,302,1,Communities,"Sundblad, D",M W F 10:45AM-11:50AM,35/11/0,35,11,0,,2023-24,WI,
SO 421 01,SO,421,1,Adv Research Meth & Data Analysis,"Eslick Watkins, A",T H 1:00PM-2:40PM,8/0/0,8,0,0,,2023-24,WI,
SO 421 02,SO,421,2,Adv Research Meth & Data Analysis,"Munir, S",M W F 10:45AM-11:50AM,8/0/0,8,0,0,,2023-24,WI,
SO 421 03,SO,421,3,Adv Research Meth & Data Analysis,"Eslick Watkins, A",M W F 1:15PM-2:20PM,8/0/0,8,0,0,,2023-24,WI,
SO 422 01,SO,422,1,Qualitative Research Methods,"Sundblad, D",T H 9:35AM-11:15AM,20/20/1,20,20,1,,2023-24,WI,
SP 104 01,SP,104,1,Elementary Spanish I,"Ramirez Martinez, M",MWF 10:45AM-11:50AM,25/25/0,25,25,0,,2023-24,WI,
SP 104 02,SP,104,2,Elementary Spanish I,"Ramirez Martinez, M",M W F 1:15PM-2:20PM,25/21/0,25,21,0,,2023-24,WI,
SP 106 01,SP,106,1,Elementary Spanish II,"Llerena Gomez, H",T H 6:30PM-8:10PM,25/25/5,25,25,5,,2023-24,WI,
SP 204 01,SP,204,1,Intermediate Spanish I,"Rector, A",MWF 10:45AM-11:50AM,20/20/1,20,20,1,,2023-24,WI,
SP 206 01,SP,206,1,Intermediate Spanish II,"Rector, A",MWF 12:00PM-1:05PM,20/6/0,20,6,0,,2023-24,WI,
SP 206 02,SP,206,2,Intermediate Spanish II,"Rector, A",M W F 1:15PM-2:20PM,20/3/0,20,3,0,,2023-24,WI,
SP 304 01,SP,304,1,Spanish Tutoring,"Ramirez Martinez, M",,20/5/0,20,5,0,,2023-24,WI,
SP 322 01,SP,322,1,Spanish for Health Professions,"Ramirez Martinez, M",M W F 9:00AM-10:05AM,20/18/0,20,18,0,,2023-24,WI,
SP 323 01,SP,323,1,Introduction to Spanish Linguistics,"Ramirez Martinez, M",M W F 12:00PM-1:05PM,20/12/0,20,12,0,,2023-24,WI,
SW 202 01,SW,202,1,Group and Organizational Behavior,"Coleman-Waterbury, T",M W F 12:00PM-1:05PM,30/24/0,30,24,0,,2023-24,WI,
SW 202 02,SW,202,2,Group and Organizational Behavior,"TBA, T",M W F 12:00PM-1:05PM,17/17/0,17,17,0,,2023-24,WI,
SW 300 01,SW,300,1,Social Policy,"Coleman-Waterbury, T",T H 9:35AM-11:15AM,20/17/0,20,17,0,,2023-24,WI,
SW 301 01,SW,301,1,Practice I  Interview & Assess,"Faux, T",MWF 9:00AM-10:05AM,25/10/0,25,10,0,,2023-24,WI,
SW 400 01,SW,400,1,Senior Integrative Seminar,"Faux, T",H 1:15PM-4:15PM,20/15/0,20,15,0,,2023-24,WI,
SW 400 02,SW,400,2,Senior Integrative Seminar,"TBA, T",,15/0/0,15,0,0,,2023-24,WI,
SW 401 01,SW,401,1,Supervised Field Instruction,"Faux, T",F 2:30PM-4:30PM,20/15/0,20,15,0,,2023-24,WI,
SW 401 02,SW,401,2,Supervised Field Instruction,"TBA, T",,15/0/0,15,0,0,,2023-24,WI,
SW 402 01,SW,402,1,Supervised Field Instruction,"Faux, T",,20/15/0,20,15,0,,2023-24,WI,
SW 402 02,SW,402,2,Supervised Field Instruction,"TBA, T",,15/0/0,15,0,0,,2023-24,WI,
SW 403 01,SW,403,1,Supervised Field Instruction,"Faux, T",,20/15/0,20,15,0,,2023-24,WI,
SW 403 02,SW,403,2,Supervised Field Instruction,"TBA, T",,15/0/0,15,0,0,,2023-24,WI,
WW 999 01,WW,999,1,Wartburg West,"TBA, T",,20/0/0,20,0,0,,2023-24,WI,